The Rider,1,lenormand,/lenormand/Rider.jpeg
The Clover,2,lenormand,/lenormand/Clover.jpeg
The Ship,3,lenormand,/lenormand/Ship.jpeg
The House,4,lenormand,/lenormand/House.jpeg
The Tree,5,lenormand,/lenormand/Tree.jpeg
The Clouds,6,lenormand,/lenormand/Clouds.jpeg
The Snake,7,lenormand,/lenormand/Snake.jpeg
The Coffin,8,lenormand,/lenormand/Coffin.jpeg
The Bouquet,9,lenormand,/lenormand/Bouquet.jpeg
The Scythe,10,lenormand,/lenormand/Scythe.jpeg
The Whip,11,lenormand,/lenormand/Whip.jpeg
The Birds,12,lenormand,/lenormand/Birds.jpeg
The Child,13,lenormand,/lenormand/Child.jpeg
The Fox,14,lenormand,/lenormand/Fox.jpeg
The Bear,15,lenormand,/lenormand/Bear.jpeg
The Stars,16,lenormand,/lenormand/Stars.jpeg
The Stork,17,lenormand,/lenormand/Stork.jpeg
The Dog,18,lenormand,/lenormand/Dog.jpeg
The Tower,19,lenormand,/lenormand/Tower.jpeg
The Garden,20,lenormand,/lenormand/Garden.jpeg
The Mountain,21,lenormand,/lenormand/Mountain.jpeg
The Crossroads,22,lenormand,/lenormand/Crossroads.jpeg
The Mice,23,lenormand,/lenormand/Mice.jpeg
The Heart,24,lenormand,/lenormand/Heart.jpeg
The Ring,25,lenormand,/lenormand/Ring.jpeg
The Book,26,lenormand,/lenormand/Book.jpeg
The Letter,27,lenormand,/lenormand/Letter.jpeg
The Man,28,lenormand,/lenormand/Man.jpeg
The Woman,29,lenormand,/lenormand/Woman.jpeg
The Lily,30,lenormand,/lenormand/Lily.jpeg
The Sun,31,lenormand,/lenormand/Sun.jpeg
The Moon,32,lenormand,/lenormand/Moon.jpeg
The Key,33,lenormand,/lenormand/Key.jpeg
The Fish,34,lenormand,/lenormand/Fish.jpeg
The Anchor,35,lenormand,/lenormand/Anchor.jpeg
The Cross,36,lenormand,/lenormand/Cross.jpeg